{
    "title": "1984",
    "storyline": "The story takes place in an imagined future, the year 1984, when much of the world has fallen victim to perpetual war, omnipresent government surveillance, historical negationism, and propaganda. Great Britain, known as Airstrip One, has become a province of a superstate named Oceania that is ruled by the Party who employ the Thought Police to persecute individuality and independent thinking. Big Brother, the leader of the Party, enjoys an intense cult of personality despite the fact that he may not even exist. The protagonist, Winston Smith, is a diligent and skillful rank-and-file worker and Party member who secretly hates the Party and dreams of rebellion. He enters a forbidden relationship with a co-worker, Julia.",
    "authors": ["George Orwell"],
    "genres": [
      "science fiction",
      "social science fiction",
      "dystopian fiction",
      "political fiction"
    ],
    "characters": [
        "Winston Smith",
        "Julia",
        "O'Brien"
    ],
    "pages": 328,
    "ISBN": "9780451524935",
    "language": "english",
    "publisher": "Secker & Warburg",
    "publication_date": "1946-06-08"
  }
