{
    "title": "American Gods",
    "storyline": "A perennial favorite of readers worldwide, American Gods tells the story of ex-con Shadow Moon, who emerges from prison and is recruited to be bodyguard, driver, and errand boy for the enigmatic Mr. Wednesday.",
    "authors": ["Neil Gaiman"],
    "genres": [
      "fantasy"
    ],
    "characters": ["Shadow Moon", "Laura Moon"],
    "pages": 784,
    "ISBN": "0062472100",
    "language": "english",
    "publisher": "William Morrow",
    "publication_date": "2016-08-16"
  }
  