{
    "title": "Fire",
    "storyline": "It is not a peaceful time in the Dells. The young King Nash clings to his throne while rebel lords in the north and south build armies to unseat him. The mountains and forests are filled with spies and thieves and lawless men.",
    "authors": ["Kristin Cashore"],
    "genres": [
      "fantasy fiction",
      "young adult",
      "adventure",
      "romance"
    ],
    "characters": [
        "Brocker",
        "Roen",
        "Nash",
        "Brigan",
        "Leck",
        Garan",
        Archer",
        "Fire"
    ],
    "pages": 480,
    "ISBN": "0803734611",
    "language": "English",
    "publisher": "Dial Books",
    "publication_date": "2009-10-05"
  }
