{
  "title": "King's Cage",
  "storyline": "In this breathless third installment to Victoria Aveyard’s bestselling Red Queen series, allegiances are tested on every side. And when the Lightning Girl's spark is gone, who will light the way for the rebellion?",
  "authors": ["Victoria Aveyard"],
  "genres": [
    "horror",
    "mystery",
    "Science Fiction"
  ],
  "characters": ["Kilorn Warren", "Gisa Barrow", "Tiberias Calore Cal VII", "Mare Molly Barrow", "Maven Calore"],
  "pages": 528,
  "ISBN": "ISBN0062310712",
  "language": "english",
  "publisher": "HarperTeen",
  "publication_date": "2017-02-07"
}
