{
  "title": "Memoirs of a Geisha",
  "storyline": "The novel, told in first person perspective, tells the story of a fictional geisha working in Kyoto, Japan, before, during and after World War II and ends with her being relocated to New York City",
  "authors": ["Arthur Golden"],
  "genres": ["Historical fiction novel"],
  "characters":
    [
      "Nitta Sayuri",
      "Mr. Bekku",
      "Mr. Tanaka Ichiro",
      "Dr. Crab",
      "Hatsumoto",
      "Mameha",
      "Chairman Iwamura Ken",
      "Pumpkin",
      "Nobu Toshikazu",
    ],
  "pages": 448,
  "ISBN": "0-375-40011-7",
  "language": "English",
  "publisher": "Alfred A. Knopf",
  "publication_date": "1997-09-27",
}
