{
    "title": "The Alchemist",
    "storyline": "Paulo Coelho's masterpiece tells the magical story of Santiago, an Andalusian shepherd boy who yearns to travel in search of a worldly treasure as extravagant as any ever found.",
    "authors": ["Paulo Coelho"],
    "genres": [
      "quest",
      "adventure",
      "fantasy"
    ],
    "characters": ["Santiago"],
    "pages": 197,
    "ISBN": "9780061122415",
    "language": "english",
    "publisher": "HarperOne",
    "publication_date": "1993-04-25"
  }
  