{
  "title": "This Tender Land",
  "storyline": "In the summer of 1932, on the banks of Minnesota's Gilead River, the Lincoln Indian Training School is a pitiless place where Native American children, forcibly separated from their parents, are sent to be educated. It is also home to Odie O’Banion, a lively orphan boy whose exploits constantly earn him the superintendent’s wrath. Odie and his brother, Albert, are the only white faces among the hundreds of Native American children at the school.",
  "authors": ["William Kent Krueger"],
  "genres": [
    "fiction",
    "historical",
    "Young Adult"
  ],
  "characters": ["Odie O'Banion", "DiMarco"],
  "pages": 450,
  "ISBN": "1476749299",
  "language": "english",
  "publisher": "Atria Books",
  "publication_date": "2019-09-03"
}