{
    "title": "Child 44",
    "storyline": "A thriller novel by British writer Tom Rob Smith. This is the first novel in a trilogy featuring former MGB Agent Leo Demidov, who investigates a series of gruesome child murders in Joseph Stalin's Soviet Union.",
    "authors": ["Tom Rob Smith"],
    "genres": [
      "Historical fiction",
      "Thriller",
      "Mystery",
      "Soviet Union fiction"
    ],
    "characters": [
        "Leo Demidov",
        "Raisa Demidova",
        "General Nesterov"
    ],
    "pages": 439,
    "ISBN": "9780446402389",
    "language": "english",
    "publisher": "Grand Central Publishing",
    "publication_date": "1949-06-08"
  }
