{
  "title": "City of Ashes",
  "storyline": "Sixteen-year-old Clary Fray just wishes that her life would go back to normal. But what's normal when you're a demon-slaying Shadowhunter and you can suddenly see Downworlders like werewolves, vampires, and faeries? She continues trying to make sense of the swiftly changing events and relationships in her life as she becomes further involved with the Shadowhunters and their pursuit of demons and discovers some terrifying truths about her parents, her brother Jace, and her boyfriend Simon.",
  "authors": ["9781481455978"],
  "genres": ["Fantasy Fiction, Adventure fiction"],
  "characters": ["Clary Fray", "Jace Herondale", "Alec Lightwood"],
  "pages": 224,
  "ISBN": "9780399501487",
  "language": "english",
  "publisher": "Margaret K. McElderry Books",
  "publication_date": "2015-1-09"
}
