{
  "title": "Death in Yellowstone: Accidents and Follhardiness in the First National Park",
  "storyline": "Yellowstone National Park has a long history of deaths by everything from earthquakes to bear attacks, poison gas, and lightning. Since 1870 there have been 300 deaths, all compiled together by a longtime chronicler of Yellowstone's history.",
  "authors": ["Lee H. Whittlesey"],
  "genres": [
    "history",
    "geography",
    "non-fiction",
    "thriller"
  ],
  "characters": [
  "David Kirwan",
  "Joy Hanny",
  "William J. Tesinsky",
  "George Weber",
  ],
  "pages": 276,
  "ISBN": "1570980217",
  "language": "english",
  "publisher": "Roberts inehart Publishersr",
  "publication_date": "1995-06-01"
}
