{
    "title": "Ender's Game",
    "storyline": "Andrew 'Ender' Wiggin thinks he is playing computer simulated war games; he is, in fact, engaged in something far more desperate. The result of genetic experimentation, Ender may be the military genius Earth desperately needs in a war against an alien enemy seeking to destroy all human life.",
    "authors": ["Orson Scott Card"],
    "genres": [
      "science fiction",
      "young adult",
      "fiction",
      "fantasy"
    ],
    "characters": ["Dink", "Bernard, Valentine Wiggin", "Peter Wiggin", "Mazer Rackham", "Alai", "Hyrum Graff"],
    "pages": 256,
    "ISBN": "0812533569",
    "language": "english",
    "publisher": "Tor Books",
    "publication_date": "1985-01-15"
  }
  