{
  "title": "Lord of Shadows",
  "storyline": "A Shadowhunter’s life is bound by duty. Constrained by honor. The word of a Shadowhunter is a solemn pledge, and no vow is more sacred than the vow that binds parabatai, warrior partners—sworn to fight together, die together, but never to fall in love.",
  "authors": ["Cassandra Clare"],
  "genres": [
    "Fantasy",
    "Young Adult",
    "Romance"
  ],
  "characters": ["Livia Blackthorn", "Arthur Blackthorn", "Helen Blackthorn", "Tiberius Blackthorn"],
  "pages": 701,
  "ISBN": "1442468408",
  "language": "english",
  "publisher": "Margaret K. McElderry Books",
  "publication_date": "2017-05-23"
}
