{
    "title": "The Host",
    "storyline": "Melanie Stryder refuses to fade away. The earth has been invaded by a species that take over the minds of human hosts while leaving their bodies intact.",
    "authors": ["Stephenie Meyer"],
    "genres": [
      "young adult",
      "science fiction",
      "fantasy",
      "fiction",
      "romance"
    ],
    "characters": ["Melanie Stryder", "Ian O'Shea", "Wanderer", "Jamie Stryder", "Jebediah Stryder", "Kyle O'Shea"],
    "pages": 620,
    "ISBN": "0316068047",
    "language": "english",
    "publisher": "Little, Brown and Company",
    "publication_date": "2008-05-06"
  }
  